"OCP: Oracle9i Certification Kit","782140661"
"SQL Server 2000 for Experienced DBA's","72227885"
"The Data Warehouse Toolkit: The Complete Guide to Dimensional Modeling","471200247"
"How To Do Everything with Your Tablet PC","72227710"
"Data Mining: Practical Machine Learning Tools and Techniques with Java Implementations","1558605525"
"Creating Documents with BusinessObjects 5.1","972263608"
"The Guru's Guide to Transact-SQL","201615762"
"Access 2002 Developer's Handbook Set","782140114"
"ColdFusion MX Web Application Construction Kit","321125169"
"Fundamentals of Database Systems ","805317554"
"Professional SQL Server 2000 Programming","1861004486"
"MySQL","735712123"
"Cerulean Sins","425188361"
"The Secret Life of Bees","142001740"
"Google Hacks","596004478"
"Investing in Fixer-Uppers : A Complete Guide to Buying Low, Fixing Smart, Adding Value, and Selling (or Renting) High","71414339"
"The Pianist","312311354"
"The Girl in the Red Coat: A Memoir","312287941"
"The Hours","312243022"
"Execution: The Discipline of Getting Things Done","609610570"
"The Jester","316602051"
"The Vanished Man: A Lincoln Rhyme Novel","743222008"
"Twelve Times Blessed","66214750"
"The Five Dysfunctions of a Team: A Leadership Fable","787960756"
"The Second Time Around","743206061"
"The Rescuer: The O'Malley Series","1590520734"
"Bel Canto: A Novel","60934417"
"The Dark Highlander","440237556"
"Letters to Kelly","373272839"
"The Blank Slate: The Modern Denial of Human Nature","670031518"
"Linked: The New Science of Networks","738206679"
"Consilience: The Unity of Knowledge","067976867X"
"The Future of Life","679450785"
"A New Kind of Science","1579550088"
"ON FOOD AND COOKING","684843285"
"Building Construction Illustrated","471358983"
"A Field Guide to American Houses","394739698"
"Prefab","1586851322"
"Cabins & Camps","1586851357"
"The New City Home: Smart Solutions for Metro Living","156158648X"
"Composers' Houses","865659982"
"Color: Natural Palettes for Painted Rooms","517576600"
"Financial Modeling ","262024829"
"Financial Markets & Corporate Strategy","72294337"
"Analysis for Financial Management","72315318"
"Advanced Accounting","324107501"
"Intermediate Accounting","471363049"
"Financial Reporting and Analysis ","130323519"
"The Guardian","446527793"
"The Second Time Around","743206061"
"Cosmopolis: A Novel","743244249"
"Dreamcatcher","743467523"
"House of Leaves","375703764"
"The Vampire's Violin","345452089"
"Lullaby: A Novel","385504470"
"Jinn: A Novel","312276702"
"Everything's Eventual: 14 Dark Tales","743457358"
"Wolves of the Calla ","1880418568"
"On Writing","743455967"
"White Noise ","140077022"
"The Names","679722955"
"UNDERWORLD: A NOVEL","684848155"
"Architecture: Form, Space, and Order","471286168"
"A Visual Dictionary of Architecture","471288217"
"The Magician's Assistant","156006219"
"Patron Saint of Liars","60540753"
"How the Mind Works","393318486"
"The Language Instinct: How the Mind Creates Language","60958332"
"Words and Rules: The Ingredients of Language","60958405"
"The Diversity of Life","393319407"
"On Human Nature","067463442X"
"A Walk to Remember","446608955"
"The Notebook","446676098"
"Message in a Bottle","446606812"
"Numerical Techniques in Finance","262521415"
"Econometric Analysis of Cross Section and Panel Data","262232197"
"Introductory Econometrics: A Modern Approach","324113641"
"Beyond Coso : Internal Control to Enhance Corporate Governance","471391123"
"Real World FPGA Design with Verilog","130998516"
"Ldap System Administration","1565924916"
"The Photoshop Book for Digital Photographers","735712360"
"Photoshop 7 Down & Dirty Tricks","735712379"
"Mac OS X v. 10.2 Jaguar Killer Tips","735713170"
"Persuasive Technology: Using Computers to Change What We Think and Do","1558606432"
"A+ Certification All-in-One Exam Guide","72222743"
"The Demon-Haunted World: Science As a Candle in the Dark","345409469"
"Cosmos","375508325"
"Broca's Brain: Reflections on the Romance of Science","345336895"
"Contact","671004107"
"Pale Blue Dot: A Vision of the Human Future in Space","345376595"
"The Lovely Bones: A Novel","316666343"
"Lucky: A Memoir","316096199"
"Atonement","038572179X"
"Amsterdam","385494246"
"Black Dogs","385494327"
"Enduring Love","385494149"
"Birthright","399149848"
"Engaging The Enemy","373218192"
"Love By Design","373218257"
"Chesapeake Blue","399149392"
"The Complete Illustrated Guide to Furniture and Cabinet Construction","1561584029"
"Choosing & Using Hand Tools","1579902944"
"Building a Shed","1561586196"
"Small Gods","61092177"
"Going Postal","60502935"
"Pyramids","61020656"
"The Color of Magic","60855925"
"Guards! Guards!","61020648"
"Unseen Academicals","61161721"